﻿<log4net>
  <param name="File" value="C:\LOGS\logfiles\AppName\MetricsLogs\AppName.log"/>
  <param name="lockingModel" value="log4net.Appender.FileAppender+MinimalLock"/>
  <param name="AppendToFile" value="true"/>
  <param name="datePattern" value="yyyyMMddHHmm"/>
  <param name="maximumFileSize" value="100MB"/>
  <param name="maxSizeRollBackups" value="-1"/>
  <param name="rollingStyle" value="Composite"/>
  <param name="countDirection" value="0"/>
  <param name="staticLogFileName" value="false"/>
  <param name="ConversionPattern" value='{ "Header" : { %
      property{AppId}, %property{RecId}, %property{Type}, %
      property{Ver}, %property{StartTS} }, "Source" : { %property{IP}, %
      property{MAC}, %property{Source#OS}, %property{Source#Runtime}, %
      property{Source#AppName}, %property{Source#AppVersion}, %
      property{Source#ReqId}, %property{SourceId} }, "Application" : { %
      property{OS}, %property{Runtime}, %property{AppName}, %
      property{AppVersion}, %property{Host}, %property{Session}, %
      property{Channel}, %property{ReqId} }, "Service" : { %
      property{Key}, %property{URL}, %property{CallType}, %
      property{Operation}, %property{Port}, %property{BytesSent} },
      "Results" : { %property{Elapsed}, %property{ErrorCode}, %
      property{ExceptionType}, %property{Message}, %
      property{TraceLevel}, %property{BytesRet} }, "Actor" : { %
      property{Cust}, %property{Acct}, %property{Rep}, %
      property{System} }, "Security" : { %property{Vendor} } }%newline'
      />
  <layout type="log4net.Layout.PatternLayout">
  </layout>
  <appender name="FileAppender" type="subclass of rolling file appender">
  </appender>
  <!-- Set default logging level to INFO -->
  <level value="INFO" />
  <appender-ref ref="FileAppender" />
  <root>
  </root>
</log4net>